{
"total": 24,
"rows": [

  {
    "creatorId": null,
    "creator": "管理员",
    "createTime": "2018-04-18T21:01:03.000+0000",
    "operator": null,
    "updaterId": null,
    "updater": null,
    "updateTime": null,
    "seq": 0,
    "params": null,
    "examineId": null,
    "examiner": null,
    "examineTime": "2018-05-03T10:52:06.000+0000",
    "pageNumber": 1,
    "pageSize": 10,
    "uuid": "c43c5153-434d-11e8-a166-44a8421bb841",
    "customer": null,
    "customerId": null,
    "batchId": "20180400092",
    "orderNo": "E20180305233729036300004",
    "businessDate": "2018-03-04T16:00:00.000+0000",
    "status": "Audited",
    "orderTotalAmount": 69,
    "orderReceivedAmount": null,
    "orderUncollectedAmount": null,
    "salesCompany": null,
    "salesDepartment": null,
    "salesman": null,
    "auditor": null,
    "auditTime": null,
    "companyId": "34898ffd-3bd3-11e8-bc22-fcaa1468c9f5",
    "company": null,
    "remarks": null,
    "totalSize": null,
    "orderReceivableSupList": [
      {
        "creatorId": null,
        "creator": null,
        "createTime": null,
        "operator": null,
        "updaterId": null,
        "updater": null,
        "updateTime": null,
        "seq": 0,
        "params": null,
        "examineId": null,
        "examiner": null,
        "examineTime": null,
        "pageNumber": 1,
        "pageSize": 10,
        "orderNo": null,
        "orderId": null,
        "batchId": null,
        "companyId": null,
        "remarks": null,
        "index": null,
        "billNo": null,
        "uuid": "c43c5153-434d-11e8-a166-44a8421bb841",
        "collectionContent": null,
        "collectionDate": null,
        "transNo": null,
        "unitPrice": null,
        "number": null,
        "unit": null,
        "amount": null,
        "platformCoupon": null,
        "companyCoupon": null,
        "voucher": null,
        "integral": null,
        "commission": null,
        "serviceCharge": null,
        "insurance": null,
        "customerPaymentAmount": null,
        "commodityNum": null,
        "commodityName": null,
        "freight": null,
        "sendArea": null,
        "sendStation": null,
        "platform": null,
        "haveOtherOrder": null,
        "orderTypeBelong": null,
        "orderSource": null,
        "orderPickUpEmp": null,
        "orderOperator": null,
        "orderer": null,
        "ordererPhone": null,
        "receiver": null,
        "receiverPhone": null,
        "receiverAddress": null,
        "delivery": null,
        "deliveryTime": null,
        "deliveryman": null,
        "deliverymanPhone": null,
        "store": null,
        "payType": null,
        "payState": null,
        "couponName": null,
        "orderStatus": null,
        "invoiceContent": null,
        "groupPurchaseVerificationCode": null,
        "cancelReason": null,
        "firstCommodityClass": null,
        "secondCommodityClass": null,
        "specification": null,
        "productName": null,
        "groupSKU": null,
        "productNum": null,
        "commodityOfficialPrice": null,
        "commodityReceivablePrice": null,
        "commodityVoucherNumber": null,
        "paymentNumber": null,
        "map": {
          "insurance": null,
          "serviceCharge": null,
          "voucher": null,
          "integral": null,
          "freight": null,
          "platformCoupon": null,
          "commission": null,
          "customerPaymentAmount": null,
          "companyCoupon": null
        },
        "sku": null,
        "skunum": null
      }
    ],
    "reconciliationPlanInfoList": null,
    "receivableRelationInfoList": null,
    "settleAmount": 0,
    "unsettleAmount": 69,
    "settleStatus": "UnSettled",
    "settlementStatus": null,
    "settlementMoney": null,
    "unsettlementMoney": null,
    "settlementdMoney": null,
    "cashCoupon": null,
    "integral": null,
    "commission": null,
    "charge": null,
    "freight": null,
    "orderType": "0",
    "totalAmount": 69,
    "platformCoupon": null,
    "companyCoupon": null,
    "sellerPayment": null,
    "platform": "京东商城",
    "billNo": "2018030519235636",
    "differenceProcessingStatus": "N",
    "differenceProcessingAmount": 0,
    "differenceProcessingRamarks": null,
    "insurance": null
  },
{
"creatorId": null,
"creator": "管理员",
"createTime": "2018-04-18T21:01:03.000+0000",
"operator": null,
"updaterId": null,
"updater": null,
"updateTime": null,
"seq": 0,
"params": null,
"examineId": null,
"examiner": null,
"examineTime": "2018-05-03T10:52:06.000+0000",
"pageNumber": 1,
"pageSize": 10,
"uuid": "c43c5153-434d-11e8-a166-44a8421bb841",
"customer": null,
"customerId": null,
"batchId": "20180400092",
"orderNo": "E20180305233729036300004",
"businessDate": "2018-03-04T16:00:00.000+0000",
"status": "Audited",
"orderTotalAmount": 69,
"orderReceivedAmount": null,
"orderUncollectedAmount": null,
"salesCompany": null,
"salesDepartment": null,
"salesman": null,
"auditor": null,
"auditTime": null,
"companyId": "34898ffd-3bd3-11e8-bc22-fcaa1468c9f5",
"company": null,
"remarks": null,
"totalSize": null,
"orderReceivableSupList": [
{
"creatorId": null,
"creator": null,
"createTime": null,
"operator": null,
"updaterId": null,
"updater": null,
"updateTime": null,
"seq": 0,
"params": null,
"examineId": null,
"examiner": null,
"examineTime": null,
"pageNumber": 1,
"pageSize": 10,
"orderNo": null,
"orderId": null,
"batchId": null,
"companyId": null,
"remarks": null,
"index": null,
"billNo": null,
"uuid": "c43c5153-434d-11e8-a166-44a8421bb841",
"collectionContent": null,
"collectionDate": null,
"transNo": null,
"unitPrice": null,
"number": null,
"unit": null,
"amount": null,
"platformCoupon": null,
"companyCoupon": null,
"voucher": null,
"integral": null,
"commission": null,
"serviceCharge": null,
"insurance": null,
"customerPaymentAmount": null,
"commodityNum": null,
"commodityName": null,
"freight": null,
"sendArea": null,
"sendStation": null,
"platform": null,
"haveOtherOrder": null,
"orderTypeBelong": null,
"orderSource": null,
"orderPickUpEmp": null,
"orderOperator": null,
"orderer": null,
"ordererPhone": null,
"receiver": null,
"receiverPhone": null,
"receiverAddress": null,
"delivery": null,
"deliveryTime": null,
"deliveryman": null,
"deliverymanPhone": null,
"payState": null,
"couponName": null,
"orderStatus": null,
"invoiceContent": null,
"groupPurchaseVerificationCode": null,
"cancelReason": null,
"firstCommodityClass": null,
"secondCommodityClass": null,
"specification": null,
"productName": null,
"groupSKU": null,
"productNum": null,
"commodityOfficialPrice": null,
"commodityReceivablePrice": null,
"commodityVoucherNumber": null,
"paymentNumber": null,
"map": {
"insurance": null,
"serviceCharge": null,
"voucher": null,
"integral": null,
"freight": null,
"platformCoupon": null,
"commission": null,
"customerPaymentAmount": null,
"companyCoupon": null
},
"sku": null,
"skunum": null
}
],
"reconciliationPlanInfoList": null,
"receivableRelationInfoList": null,
"settleAmount": 0,
"unsettleAmount": 69,
"settleStatus": "UnSettled",
"settlementStatus": null,
"settlementMoney": null,
"unsettlementMoney": null,
"settlementdMoney": null,
"cashCoupon": null,
"integral": null,
"commission": null,
"charge": null,
"freight": null,
"orderType": "0",
"totalAmount": 69,
"platformCoupon": null,
"companyCoupon": null,
"sellerPayment": null,
"platform": "京东商城",
"billNo": "2018030519235636",
"differenceProcessingStatus": "N",
"differenceProcessingAmount": 0,
"differenceProcessingRamarks": null,
"insurance": null
},
{
"creatorId": null,
"creator": "管理员",
"createTime": "2018-04-18T21:01:03.000+0000",
"operator": null,
"updaterId": null,
"updater": null,
"updateTime": null,
"seq": 0,
"params": null,
"examineId": null,
"examiner": null,
"examineTime": null,
"pageNumber": 1,
"pageSize": 10,
"uuid": "9adcd2c3-434d-11e8-a166-44a8421bb841",
"customer": null,
"customerId": null,
"batchId": "20180400092",
"orderNo": "805528222000021",
"businessDate": "2018-03-04T16:00:00.000+0000",
"status": "Audited",
"orderTotalAmount": 116,
"orderReceivedAmount": null,
"orderUncollectedAmount": null,
"salesCompany": null,
"salesDepartment": null,
"salesman": null,
"auditor": null,
"auditTime": null,
"companyId": "34898ffd-3bd3-11e8-bc22-fcaa1468c9f5",
"company": null,
"remarks": null,
"totalSize": null,
"orderReceivableSupList": [
{
"creatorId": null,
"creator": null,
"createTime": null,
"operator": null,
"updaterId": null,
"updater": null,
"updateTime": null,
"seq": 0,
"params": null,
"examineId": null,
"examiner": null,
"examineTime": null,
"pageNumber": 1,
"pageSize": 10,
"orderNo": null,
"orderId": null,
"batchId": null,
"companyId": null,
"remarks": null,
"index": null,
"billNo": null,
"uuid": "9adcd2c3-434d-11e8-a166-44a8421bb841",
"collectionContent": null,
"collectionDate": null,
"transNo": null,
"unitPrice": null,
"number": null,
"unit": null,
"amount": null,
"platformCoupon": null,
"companyCoupon": null,
"voucher": null,
"integral": null,
"commission": null,
"serviceCharge": null,
"insurance": null,
"customerPaymentAmount": null,
"commodityNum": null,
"commodityName": null,
"freight": null,
"sendArea": null,
"sendStation": null,
"platform": null,
"haveOtherOrder": null,
"orderTypeBelong": null,
"orderSource": null,
"orderPickUpEmp": null,
"orderOperator": null,
"orderer": null,
"ordererPhone": null,
"receiver": null,
"receiverPhone": null,
"receiverAddress": null,
"delivery": null,
"deliveryTime": null,
"deliveryman": null,
"deliverymanPhone": null,
"store": null,
"payType": null,
"payState": null,
"couponName": null,
"orderStatus": null,
"invoiceContent": null,
"groupPurchaseVerificationCode": null,
"cancelReason": null,
"firstCommodityClass": null,
"secondCommodityClass": null,
"specification": null,
"productName": null,
"groupSKU": null,
"productNum": null,
"commodityOfficialPrice": null,
"commodityReceivablePrice": null,
"commodityVoucherNumber": null,
"paymentNumber": null,
"map": {
"insurance": null,
"serviceCharge": null,
"voucher": null,
"integral": null,
"freight": null,
"platformCoupon": null,
"commission": null,
"customerPaymentAmount": null,
"companyCoupon": null
},
"sku": null,
"skunum": null
}
],
"reconciliationPlanInfoList": null,
"receivableRelationInfoList": null,
"settleAmount": 0,
"unsettleAmount": 116,
"settleStatus": "UnSettled",
"settlementStatus": null,
"settlementMoney": null,
"unsettlementMoney": null,
"settlementdMoney": null,
"cashCoupon": null,
"integral": null,
"commission": null,
"charge": null,
"freight": null,
"orderType": "0",
"totalAmount": 116,
"platformCoupon": null,
"companyCoupon": null,
"sellerPayment": null,
"platform": "外卖渠道,京东到家",
"billNo": "2018030519235635",
"differenceProcessingStatus": "N",
"differenceProcessingAmount": 0,
"differenceProcessingRamarks": null,
"insurance": null
},
  {
    "creatorId": null,
    "creator": "管理员",
    "createTime": "2018-04-18T21:01:03.000+0000",
    "operator": null,
    "updaterId": null,
    "updater": null,
    "updateTime": null,
    "seq": 0,
    "params": null,
    "examineId": null,
    "examiner": null,
    "examineTime": null,
    "pageNumber": 1,
    "pageSize": 10,
    "uuid": "9adcd2c3-434d-11e8-a166-44a8421bb841",
    "customer": null,
    "customerId": null,
    "batchId": "20180400092",
    "orderNo": "805528222000021",
    "businessDate": "2018-03-04T16:00:00.000+0000",
    "status": "Audited",
    "orderTotalAmount": 116,
    "orderReceivedAmount": null,
    "orderUncollectedAmount": null,
    "salesCompany": null,
    "salesDepartment": null,
    "salesman": null,
    "auditor": null,
    "auditTime": null,
    "companyId": "34898ffd-3bd3-11e8-bc22-fcaa1468c9f5",
    "company": null,
    "remarks": null,
    "totalSize": null,
    "orderReceivableSupList": [
      {
        "creatorId": null,
        "creator": null,
        "createTime": null,
        "operator": null,
        "updaterId": null,
        "updater": null,
        "updateTime": null,
        "seq": 0,
        "params": null,
        "examineId": null,
        "examiner": null,
        "examineTime": null,
        "pageNumber": 1,
        "pageSize": 10,
        "orderNo": null,
        "orderId": null,
        "batchId": null,
        "companyId": null,
        "remarks": null,
        "index": null,
        "billNo": null,
        "uuid": "9adcd2c3-434d-11e8-a166-44a8421bb841",
        "collectionContent": null,
        "collectionDate": null,
        "transNo": null,
        "unitPrice": null,
        "number": null,
        "unit": null,
        "amount": null,
        "platformCoupon": null,
        "companyCoupon": null,
        "voucher": null,
        "integral": null,
        "commission": null,
        "serviceCharge": null,
        "insurance": null,
        "customerPaymentAmount": null,
        "commodityNum": null,
        "commodityName": null,
        "freight": null,
        "sendArea": null,
        "sendStation": null,
        "platform": null,
        "haveOtherOrder": null,
        "orderTypeBelong": null,
        "orderSource": null,
        "orderPickUpEmp": null,
        "orderOperator": null,
        "orderer": null,
        "ordererPhone": null,
        "receiver": null,
        "receiverPhone": null,
        "receiverAddress": null,
        "delivery": null,
        "deliveryTime": null,
        "deliveryman": null,
        "deliverymanPhone": null,
        "store": null,
        "payType": null,
        "payState": null,
        "couponName": null,
        "orderStatus": null,
        "invoiceContent": null,
        "groupPurchaseVerificationCode": null,
        "cancelReason": null,
        "firstCommodityClass": null,
        "secondCommodityClass": null,
        "specification": null,
        "productName": null,
        "groupSKU": null,
        "productNum": null,
        "commodityOfficialPrice": null,
        "commodityReceivablePrice": null,
        "commodityVoucherNumber": null,
        "paymentNumber": null,
        "map": {
          "insurance": null,
          "serviceCharge": null,
          "voucher": null,
          "integral": null,
          "freight": null,
          "platformCoupon": null,
          "commission": null,
          "customerPaymentAmount": null,
          "companyCoupon": null
        },
        "sku": null,
        "skunum": null
      }
    ],
    "reconciliationPlanInfoList": null,
    "receivableRelationInfoList": null,
    "settleAmount": 0,
    "unsettleAmount": 116,
    "settleStatus": "UnSettled",
    "settlementStatus": null,
    "settlementMoney": null,
    "unsettlementMoney": null,
    "settlementdMoney": null,
    "cashCoupon": null,
    "integral": null,
    "commission": null,
    "charge": null,
    "freight": null,
    "orderType": "0",
    "totalAmount": 116,
    "platformCoupon": null,
    "companyCoupon": null,
    "sellerPayment": null,
    "platform": "外卖渠道,京东到家",
    "billNo": "2018030519235635",
    "differenceProcessingStatus": "N",
    "differenceProcessingAmount": 0,
    "differenceProcessingRamarks": null,
    "insurance": null
  },
{
"creatorId": null,
"creator": "管理员",
"createTime": "2018-04-18T21:01:03.000+0000",
"operator": null,
"updaterId": null,
"updater": null,
"updateTime": null,
"seq": 0,
"params": null,
"examineId": null,
"examiner": null,
"examineTime": "2018-05-03T10:52:06.000+0000",
"pageNumber": 1,
"pageSize": 10,
"uuid": "9a1ed546-434d-11e8-a166-44a8421bb841",
"customer": null,
"customerId": null,
"batchId": "20180400092",
"orderNo": "71812499281",
"businessDate": "2018-03-04T16:00:00.000+0000",
"status": "Audited",
"orderTotalAmount": 79,
"orderReceivedAmount": null,
"orderUncollectedAmount": null,
"salesCompany": null,
"salesDepartment": null,
"salesman": null,
"auditor": null,
"auditTime": null,
"companyId": "34898ffd-3bd3-11e8-bc22-fcaa1468c9f5",
"company": null,
"remarks": null,
"totalSize": null,
"orderReceivableSupList": [
{
"creatorId": null,
"creator": null,
"createTime": null,
"operator": null,
"updaterId": null,
"updater": null,
"updateTime": null,
"seq": 0,
"params": null,
"examineId": null,
"examiner": null,
"examineTime": null,
"pageNumber": 1,
"pageSize": 10,
"orderNo": null,
"orderId": null,
"batchId": null,
"companyId": null,
"remarks": null,
"index": null,
"billNo": null,
"uuid": "9a1ed546-434d-11e8-a166-44a8421bb841",
"collectionContent": null,
"collectionDate": null,
"transNo": null,
"unitPrice": null,
"number": null,
"unit": null,
"amount": null,
"platformCoupon": null,
"companyCoupon": null,
"voucher": null,
"integral": null,
"commission": null,
"serviceCharge": null,
"insurance": null,
"customerPaymentAmount": null,
"commodityNum": null,
"commodityName": null,
"freight": null,
"sendArea": null,
"sendStation": null,
"platform": null,
"haveOtherOrder": null,
"orderTypeBelong": null,
"orderSource": null,
"orderPickUpEmp": null,
"orderOperator": null,
"orderer": null,
"ordererPhone": null,
"receiver": null,
"receiverPhone": null,
"receiverAddress": null,
"delivery": null,
"deliveryTime": null,
"deliveryman": null,
"deliverymanPhone": null,
"store": null,
"payType": null,
"payState": null,
"couponName": null,
"orderStatus": null,
"invoiceContent": null,
"groupPurchaseVerificationCode": null,
"cancelReason": null,
"firstCommodityClass": null,
"secondCommodityClass": null,
"specification": null,
"productName": null,
"groupSKU": null,
"productNum": null,
"commodityOfficialPrice": null,
"commodityReceivablePrice": null,
"commodityVoucherNumber": null,
"paymentNumber": null,
"map": {
"insurance": null,
"serviceCharge": null,
"voucher": null,
"integral": null,
"freight": null,
"platformCoupon": null,
"commission": null,
"customerPaymentAmount": null,
"companyCoupon": null
},
"sku": null,
"skunum": null
}
],
"reconciliationPlanInfoList": null,
"receivableRelationInfoList": null,
"settleAmount": 0,
"unsettleAmount": 79,
"settleStatus": "UnSettled",
"settlementStatus": null,
"settlementMoney": null,
"unsettlementMoney": null,
"settlementdMoney": null,
"cashCoupon": null,
"integral": null,
"commission": null,
"charge": null,
"freight": null,
"orderType": "0",
"totalAmount": 79,
"platformCoupon": null,
"companyCoupon": null,
"sellerPayment": null,
"platform": "电商平台,京东商城",
"billNo": "2018030519235634",
"differenceProcessingStatus": "N",
"differenceProcessingAmount": 0,
"differenceProcessingRamarks": null,
"insurance": null
},
  {
    "creatorId": null,
    "creator": "管理员",
    "createTime": "2018-04-18T21:01:03.000+0000",
    "operator": null,
    "updaterId": null,
    "updater": null,
    "updateTime": null,
    "seq": 0,
    "params": null,
    "examineId": null,
    "examiner": null,
    "examineTime": "2018-05-03T10:52:06.000+0000",
    "pageNumber": 1,
    "pageSize": 10,
    "uuid": "9a1ed546-434d-11e8-a166-44a8421bb841",
    "customer": null,
    "customerId": null,
    "batchId": "20180400092",
    "orderNo": "71812499281",
    "businessDate": "2018-03-04T16:00:00.000+0000",
    "status": "Audited",
    "orderTotalAmount": 79,
    "orderReceivedAmount": null,
    "orderUncollectedAmount": null,
    "salesCompany": null,
    "salesDepartment": null,
    "salesman": null,
    "auditor": null,
    "auditTime": null,
    "companyId": "34898ffd-3bd3-11e8-bc22-fcaa1468c9f5",
    "company": null,
    "remarks": null,
    "totalSize": null,
    "orderReceivableSupList": [
      {
        "creatorId": null,
        "creator": null,
        "createTime": null,
        "operator": null,
        "updaterId": null,
        "updater": null,
        "updateTime": null,
        "seq": 0,
        "params": null,
        "examineId": null,
        "examiner": null,
        "examineTime": null,
        "pageNumber": 1,
        "pageSize": 10,
        "orderNo": null,
        "orderId": null,
        "batchId": null,
        "companyId": null,
        "remarks": null,
        "index": null,
        "billNo": null,
        "uuid": "9a1ed546-434d-11e8-a166-44a8421bb841",
        "collectionContent": null,
        "collectionDate": null,
        "transNo": null,
        "unitPrice": null,
        "number": null,
        "unit": null,
        "amount": null,
        "platformCoupon": null,
        "companyCoupon": null,
        "voucher": null,
        "integral": null,
        "commission": null,
        "serviceCharge": null,
        "insurance": null,
        "customerPaymentAmount": null,
        "commodityNum": null,
        "commodityName": null,
        "freight": null,
        "sendArea": null,
        "sendStation": null,
        "platform": null,
        "haveOtherOrder": null,
        "orderTypeBelong": null,
        "orderSource": null,
        "orderPickUpEmp": null,
        "orderOperator": null,
        "orderer": null,
        "ordererPhone": null,
        "receiver": null,
        "receiverPhone": null,
        "receiverAddress": null,
        "delivery": null,
        "deliveryTime": null,
        "deliveryman": null,
        "deliverymanPhone": null,
        "store": null,
        "payType": null,
        "payState": null,
        "couponName": null,
        "orderStatus": null,
        "invoiceContent": null,
        "groupPurchaseVerificationCode": null,
        "cancelReason": null,
        "firstCommodityClass": null,
        "secondCommodityClass": null,
        "specification": null,
        "productName": null,
        "groupSKU": null,
        "productNum": null,
        "commodityOfficialPrice": null,
        "commodityReceivablePrice": null,
        "commodityVoucherNumber": null,
        "paymentNumber": null,
        "map": {
          "insurance": null,
          "serviceCharge": null,
          "voucher": null,
          "integral": null,
          "freight": null,
          "platformCoupon": null,
          "commission": null,
          "customerPaymentAmount": null,
          "companyCoupon": null
        },
        "sku": null,
        "skunum": null
      }
    ],
    "reconciliationPlanInfoList": null,
    "receivableRelationInfoList": null,
    "settleAmount": 0,
    "unsettleAmount": 79,
    "settleStatus": "UnSettled",
    "settlementStatus": null,
    "settlementMoney": null,
    "unsettlementMoney": null,
    "settlementdMoney": null,
    "cashCoupon": null,
    "integral": null,
    "commission": null,
    "charge": null,
    "freight": null,
    "orderType": "0",
    "totalAmount": 79,
    "platformCoupon": null,
    "companyCoupon": null,
    "sellerPayment": null,
    "platform": "电商平台,京东商城",
    "billNo": "2018030519235634",
    "differenceProcessingStatus": "N",
    "differenceProcessingAmount": 0,
    "differenceProcessingRamarks": null,
    "insurance": null
  },
{
"creatorId": null,
"creator": "管理员",
"createTime": "2018-04-18T21:01:03.000+0000",
"operator": null,
"updaterId": null,
"updater": null,
"updateTime": null,
"seq": 0,
"params": null,
"examineId": null,
"examiner": null,
"examineTime": "2018-05-03T10:52:06.000+0000",
"pageNumber": 1,
"pageSize": 10,
"uuid": "9adcc9b0-434d-11e8-a166-44a8421bb841",
"customer": null,
"customerId": null,
"batchId": "20180400092",
"orderNo": "805528163000021",
"businessDate": "2018-03-04T16:00:00.000+0000",
"status": "Audited",
"orderTotalAmount": 74,
"orderReceivedAmount": null,
"orderUncollectedAmount": null,
"salesCompany": null,
"salesDepartment": null,
"salesman": null,
"auditor": null,
"auditTime": null,
"companyId": "34898ffd-3bd3-11e8-bc22-fcaa1468c9f5",
"company": null,
"remarks": null,
"totalSize": null,
"orderReceivableSupList": [
{
"creatorId": null,
"creator": null,
"createTime": null,
"operator": null,
"updaterId": null,
"updater": null,
"updateTime": null,
"seq": 0,
"params": null,
"examineId": null,
"examiner": null,
"examineTime": null,
"pageNumber": 1,
"pageSize": 10,
"orderNo": null,
"orderId": null,
"batchId": null,
"companyId": null,
"remarks": null,
"index": null,
"billNo": null,
"uuid": "9adcc9b0-434d-11e8-a166-44a8421bb841",
"collectionContent": null,
"collectionDate": null,
"transNo": null,
"unitPrice": null,
"number": null,
"unit": null,
"amount": null,
"platformCoupon": null,
"companyCoupon": null,
"voucher": null,
"integral": null,
"commission": null,
"serviceCharge": null,
"insurance": null,
"customerPaymentAmount": null,
"commodityNum": null,
"commodityName": null,
"freight": null,
"sendArea": null,
"sendStation": null,
"platform": null,
"haveOtherOrder": null,
"orderTypeBelong": null,
"orderSource": null,
"orderPickUpEmp": null,
"orderOperator": null,
"orderer": null,
"ordererPhone": null,
"receiver": null,
"receiverPhone": null,
"receiverAddress": null,
"delivery": null,
"deliveryTime": null,
"deliveryman": null,
"deliverymanPhone": null,
"store": null,
"payType": null,
"payState": null,
"couponName": null,
"orderStatus": null,
"invoiceContent": null,
"groupPurchaseVerificationCode": null,
"cancelReason": null,
"firstCommodityClass": null,
"secondCommodityClass": null,
"specification": null,
"productName": null,
"groupSKU": null,
"productNum": null,
"commodityOfficialPrice": null,
"commodityReceivablePrice": null,
"commodityVoucherNumber": null,
"paymentNumber": null,
"map": {
"insurance": null,
"serviceCharge": null,
"voucher": null,
"integral": null,
"freight": null,
"platformCoupon": null,
"commission": null,
"customerPaymentAmount": null,
"companyCoupon": null
},
"sku": null,
"skunum": null
}
],
"reconciliationPlanInfoList": null,
"receivableRelationInfoList": null,
"settleAmount": 0,
"unsettleAmount": 74,
"settleStatus": "UnSettled",
"settlementStatus": null,
"settlementMoney": null,
"unsettlementMoney": null,
"settlementdMoney": null,
"cashCoupon": null,
"integral": null,
"commission": null,
"charge": null,
"freight": null,
"orderType": "0",
"totalAmount": 74,
"platformCoupon": null,
"companyCoupon": null,
"sellerPayment": null,
"platform": "外卖渠道,京东到家",
"billNo": "2018030519235633",
"differenceProcessingStatus": "N",
"differenceProcessingAmount": 0,
"differenceProcessingRamarks": null,
"insurance": null
},
  {
    "creatorId": null,
    "creator": "管理员",
    "createTime": "2018-04-18T21:01:03.000+0000",
    "operator": null,
    "updaterId": null,
    "updater": null,
    "updateTime": null,
    "seq": 0,
    "params": null,
    "examineId": null,
    "examiner": null,
    "examineTime": "2018-05-03T10:52:06.000+0000",
    "pageNumber": 1,
    "pageSize": 10,
    "uuid": "9adcc9b0-434d-11e8-a166-44a8421bb841",
    "customer": null,
    "customerId": null,
    "batchId": "20180400092",
    "orderNo": "805528163000021",
    "businessDate": "2018-03-04T16:00:00.000+0000",
    "status": "Audited",
    "orderTotalAmount": 74,
    "orderReceivedAmount": null,
    "orderUncollectedAmount": null,
    "salesCompany": null,
    "salesDepartment": null,
    "salesman": null,
    "auditor": null,
    "auditTime": null,
    "companyId": "34898ffd-3bd3-11e8-bc22-fcaa1468c9f5",
    "company": null,
    "remarks": null,
    "totalSize": null,
    "orderReceivableSupList": [
      {
        "creatorId": null,
        "creator": null,
        "createTime": null,
        "operator": null,
        "updaterId": null,
        "updater": null,
        "updateTime": null,
        "seq": 0,
        "params": null,
        "examineId": null,
        "examiner": null,
        "examineTime": null,
        "pageNumber": 1,
        "pageSize": 10,
        "orderNo": null,
        "orderId": null,
        "batchId": null,
        "companyId": null,
        "remarks": null,
        "index": null,
        "billNo": null,
        "uuid": "9adcc9b0-434d-11e8-a166-44a8421bb841",
        "collectionContent": null,
        "collectionDate": null,
        "transNo": null,
        "unitPrice": null,
        "number": null,
        "unit": null,
        "amount": null,
        "platformCoupon": null,
        "companyCoupon": null,
        "voucher": null,
        "integral": null,
        "commission": null,
        "serviceCharge": null,
        "insurance": null,
        "customerPaymentAmount": null,
        "commodityNum": null,
        "commodityName": null,
        "freight": null,
        "sendArea": null,
        "sendStation": null,
        "platform": null,
        "haveOtherOrder": null,
        "orderTypeBelong": null,
        "orderSource": null,
        "orderPickUpEmp": null,
        "orderOperator": null,
        "orderer": null,
        "ordererPhone": null,
        "receiver": null,
        "receiverPhone": null,
        "receiverAddress": null,
        "delivery": null,
        "deliveryTime": null,
        "deliveryman": null,
        "deliverymanPhone": null,
        "store": null,
        "payType": null,
        "payState": null,
        "couponName": null,
        "orderStatus": null,
        "invoiceContent": null,
        "groupPurchaseVerificationCode": null,
        "cancelReason": null,
        "firstCommodityClass": null,
        "secondCommodityClass": null,
        "specification": null,
        "productName": null,
        "groupSKU": null,
        "productNum": null,
        "commodityOfficialPrice": null,
        "commodityReceivablePrice": null,
        "commodityVoucherNumber": null,
        "paymentNumber": null,
        "map": {
          "insurance": null,
          "serviceCharge": null,
          "voucher": null,
          "integral": null,
          "freight": null,
          "platformCoupon": null,
          "commission": null,
          "customerPaymentAmount": null,
          "companyCoupon": null
        },
        "sku": null,
        "skunum": null
      }
    ],
    "reconciliationPlanInfoList": null,
    "receivableRelationInfoList": null,
    "settleAmount": 0,
    "unsettleAmount": 74,
    "settleStatus": "UnSettled",
    "settlementStatus": null,
    "settlementMoney": null,
    "unsettlementMoney": null,
    "settlementdMoney": null,
    "cashCoupon": null,
    "integral": null,
    "commission": null,
    "charge": null,
    "freight": null,
    "orderType": "0",
    "totalAmount": 74,
    "platformCoupon": null,
    "companyCoupon": null,
    "sellerPayment": null,
    "platform": "外卖渠道,京东到家",
    "billNo": "2018030519235633",
    "differenceProcessingStatus": "N",
    "differenceProcessingAmount": 0,
    "differenceProcessingRamarks": null,
    "insurance": null
  },
{
"creatorId": null,
"creator": "管理员",
"createTime": "2018-04-18T21:01:03.000+0000",
"operator": null,
"updaterId": null,
"updater": null,
"updateTime": null,
"seq": 0,
"params": null,
"examineId": null,
"examiner": null,
"examineTime": "2018-05-03T10:52:06.000+0000",
"pageNumber": 1,
"pageSize": 10,
"uuid": "c43c476b-434d-11e8-a166-44a8421bb841",
"customer": null,
"customerId": null,
"batchId": "20180400092",
"orderNo": "E20180305233647071100004",
"businessDate": "2018-03-04T16:00:00.000+0000",
"status": "Audited",
"orderTotalAmount": 10,
"orderReceivedAmount": null,
"orderUncollectedAmount": null,
"salesCompany": null,
"salesDepartment": null,
"salesman": null,
"auditor": null,
"auditTime": null,
"companyId": "34898ffd-3bd3-11e8-bc22-fcaa1468c9f5",
"company": null,
"remarks": null,
"totalSize": null,
"orderReceivableSupList": [
{
"creatorId": null,
"creator": null,
"createTime": null,
"operator": null,
"updaterId": null,
"updater": null,
"updateTime": null,
"seq": 0,
"params": null,
"examineId": null,
"examiner": null,
"examineTime": null,
"pageNumber": 1,
"pageSize": 10,
"orderNo": null,
"orderId": null,
"batchId": null,
"companyId": null,
"remarks": null,
"index": null,
"billNo": null,
"uuid": "c43c476b-434d-11e8-a166-44a8421bb841",
"collectionContent": null,
"collectionDate": null,
"transNo": null,
"unitPrice": null,
"number": null,
"unit": null,
"amount": null,
"platformCoupon": null,
"companyCoupon": null,
"voucher": null,
"integral": null,
"commission": null,
"serviceCharge": null,
"insurance": null,
"customerPaymentAmount": null,
"commodityNum": null,
"commodityName": null,
"freight": null,
"sendArea": null,
"sendStation": null,
"platform": null,
"haveOtherOrder": null,
"orderTypeBelong": null,
"orderSource": null,
"orderPickUpEmp": null,
"orderOperator": null,
"orderer": null,
"ordererPhone": null,
"receiver": null,
"receiverPhone": null,
"receiverAddress": null,
"delivery": null,
"deliveryTime": null,
"deliveryman": null,
"deliverymanPhone": null,
"store": null,
"payType": null,
"payState": null,
"couponName": null,
"orderStatus": null,
"invoiceContent": null,
"groupPurchaseVerificationCode": null,
"cancelReason": null,
"firstCommodityClass": null,
"secondCommodityClass": null,
"specification": null,
"productName": null,
"groupSKU": null,
"productNum": null,
"commodityOfficialPrice": null,
"commodityReceivablePrice": null,
"commodityVoucherNumber": null,
"paymentNumber": null,
"map": {
"insurance": null,
"serviceCharge": null,
"voucher": null,
"integral": null,
"freight": null,
"platformCoupon": null,
"commission": null,
"customerPaymentAmount": null,
"companyCoupon": null
},
"sku": null,
"skunum": null
}
],
"reconciliationPlanInfoList": null,
"receivableRelationInfoList": null,
"settleAmount": 0,
"unsettleAmount": 10,
"settleStatus": "UnSettled",
"settlementStatus": null,
"settlementMoney": null,
"unsettlementMoney": null,
"settlementdMoney": null,
"cashCoupon": null,
"integral": null,
"commission": null,
"charge": null,
"freight": null,
"orderType": "0",
"totalAmount": 10,
"platformCoupon": null,
"companyCoupon": null,
"sellerPayment": null,
"platform": "微信订单",
"billNo": "2018030519235632",
"differenceProcessingStatus": "N",
"differenceProcessingAmount": 0,
"differenceProcessingRamarks": null,
"insurance": null
},
  {
    "creatorId": null,
    "creator": "管理员",
    "createTime": "2018-04-18T21:01:03.000+0000",
    "operator": null,
    "updaterId": null,
    "updater": null,
    "updateTime": null,
    "seq": 0,
    "params": null,
    "examineId": null,
    "examiner": null,
    "examineTime": "2018-05-03T10:52:06.000+0000",
    "pageNumber": 1,
    "pageSize": 10,
    "uuid": "c43c476b-434d-11e8-a166-44a8421bb841",
    "customer": null,
    "customerId": null,
    "batchId": "20180400092",
    "orderNo": "E20180305233647071100004",
    "businessDate": "2018-03-04T16:00:00.000+0000",
    "status": "Audited",
    "orderTotalAmount": 10,
    "orderReceivedAmount": null,
    "orderUncollectedAmount": null,
    "salesCompany": null,
    "salesDepartment": null,
    "salesman": null,
    "auditor": null,
    "auditTime": null,
    "companyId": "34898ffd-3bd3-11e8-bc22-fcaa1468c9f5",
    "company": null,
    "remarks": null,
    "totalSize": null,
    "orderReceivableSupList": [
      {
        "creatorId": null,
        "creator": null,
        "createTime": null,
        "operator": null,
        "updaterId": null,
        "updater": null,
        "updateTime": null,
        "seq": 0,
        "params": null,
        "examineId": null,
        "examiner": null,
        "examineTime": null,
        "pageNumber": 1,
        "pageSize": 10,
        "orderNo": null,
        "orderId": null,
        "batchId": null,
        "companyId": null,
        "remarks": null,
        "index": null,
        "billNo": null,
        "uuid": "c43c476b-434d-11e8-a166-44a8421bb841",
        "collectionContent": null,
        "collectionDate": null,
        "transNo": null,
        "unitPrice": null,
        "number": null,
        "unit": null,
        "amount": null,
        "platformCoupon": null,
        "companyCoupon": null,
        "voucher": null,
        "integral": null,
        "commission": null,
        "serviceCharge": null,
        "insurance": null,
        "customerPaymentAmount": null,
        "commodityNum": null,
        "commodityName": null,
        "freight": null,
        "sendArea": null,
        "sendStation": null,
        "platform": null,
        "haveOtherOrder": null,
        "orderTypeBelong": null,
        "orderSource": null,
        "orderPickUpEmp": null,
        "orderOperator": null,
        "orderer": null,
        "ordererPhone": null,
        "receiver": null,
        "receiverPhone": null,
        "receiverAddress": null,
        "delivery": null,
        "deliveryTime": null,
        "deliveryman": null,
        "deliverymanPhone": null,
        "store": null,
        "payType": null,
        "payState": null,
        "couponName": null,
        "orderStatus": null,
        "invoiceContent": null,
        "groupPurchaseVerificationCode": null,
        "cancelReason": null,
        "firstCommodityClass": null,
        "secondCommodityClass": null,
        "specification": null,
        "productName": null,
        "groupSKU": null,
        "productNum": null,
        "commodityOfficialPrice": null,
        "commodityReceivablePrice": null,
        "commodityVoucherNumber": null,
        "paymentNumber": null,
        "map": {
          "insurance": null,
          "serviceCharge": null,
          "voucher": null,
          "integral": null,
          "freight": null,
          "platformCoupon": null,
          "commission": null,
          "customerPaymentAmount": null,
          "companyCoupon": null
        },
        "sku": null,
        "skunum": null
      }
    ],
    "reconciliationPlanInfoList": null,
    "receivableRelationInfoList": null,
    "settleAmount": 0,
    "unsettleAmount": 10,
    "settleStatus": "UnSettled",
    "settlementStatus": null,
    "settlementMoney": null,
    "unsettlementMoney": null,
    "settlementdMoney": null,
    "cashCoupon": null,
    "integral": null,
    "commission": null,
    "charge": null,
    "freight": null,
    "orderType": "0",
    "totalAmount": 10,
    "platformCoupon": null,
    "companyCoupon": null,
    "sellerPayment": null,
    "platform": "微信订单",
    "billNo": "2018030519235632",
    "differenceProcessingStatus": "N",
    "differenceProcessingAmount": 0,
    "differenceProcessingRamarks": null,
    "insurance": null
  },
{
"creatorId": null,
"creator": "管理员",
"createTime": "2018-04-18T21:01:03.000+0000",
"operator": null,
"updaterId": null,
"updater": null,
"updateTime": null,
"seq": 0,
"params": null,
"examineId": null,
"examiner": null,
"examineTime": "2018-05-03T10:52:06.000+0000",
"pageNumber": 1,
"pageSize": 10,
"uuid": "c43c4263-434d-11e8-a166-44a8421bb841",
"customer": null,
"customerId": null,
"batchId": "20180400092",
"orderNo": "E20180305233633047600003",
"businessDate": "2018-03-04T16:00:00.000+0000",
"status": "Audited",
"orderTotalAmount": 79,
"orderReceivedAmount": null,
"orderUncollectedAmount": null,
"salesCompany": null,
"salesDepartment": null,
"salesman": null,
"auditor": null,
"auditTime": null,
"companyId": "34898ffd-3bd3-11e8-bc22-fcaa1468c9f5",
"company": null,
"remarks": null,
"totalSize": null,
"orderReceivableSupList": [
{
"creatorId": null,
"creator": null,
"createTime": null,
"operator": null,
"updaterId": null,
"updater": null,
"updateTime": null,
"seq": 0,
"params": null,
"examineId": null,
"examiner": null,
"examineTime": null,
"pageNumber": 1,
"pageSize": 10,
"orderNo": null,
"orderId": null,
"batchId": null,
"companyId": null,
"remarks": null,
"index": null,
"billNo": null,
"uuid": "c43c4263-434d-11e8-a166-44a8421bb841",
"collectionContent": null,
"collectionDate": null,
"transNo": null,
"unitPrice": null,
"number": null,
"unit": null,
"amount": null,
"platformCoupon": null,
"companyCoupon": null,
"voucher": null,
"integral": null,
"commission": null,
"serviceCharge": null,
"insurance": null,
"customerPaymentAmount": null,
"commodityNum": null,
"commodityName": null,
"freight": null,
"sendArea": null,
"sendStation": null,
"platform": null,
"haveOtherOrder": null,
"orderTypeBelong": null,
"orderSource": null,
"orderPickUpEmp": null,
"orderOperator": null,
"orderer": null,
"ordererPhone": null,
"receiver": null,
"receiverPhone": null,
"receiverAddress": null,
"delivery": null,
"deliveryTime": null,
"deliveryman": null,
"deliverymanPhone": null,
"store": null,
"payType": null,
"payState": null,
"couponName": null,
"orderStatus": null,
"invoiceContent": null,
"groupPurchaseVerificationCode": null,
"cancelReason": null,
"firstCommodityClass": null,
"secondCommodityClass": null,
"specification": null,
"productName": null,
"groupSKU": null,
"productNum": null,
"commodityOfficialPrice": null,
"commodityReceivablePrice": null,
"commodityVoucherNumber": null,
"paymentNumber": null,
"map": {
"insurance": null,
"serviceCharge": null,
"voucher": null,
"integral": null,
"freight": null,
"platformCoupon": null,
"commission": null,
"customerPaymentAmount": null,
"companyCoupon": null
},
"sku": null,
"skunum": null
}
],
"reconciliationPlanInfoList": null,
"receivableRelationInfoList": null,
"settleAmount": 0,
"unsettleAmount": 79,
"settleStatus": "UnSettled",
"settlementStatus": null,
"settlementMoney": null,
"unsettlementMoney": null,
"settlementdMoney": null,
"cashCoupon": null,
"integral": null,
"commission": null,
"charge": null,
"freight": null,
"orderType": "0",
"totalAmount": 79,
"platformCoupon": null,
"companyCoupon": null,
"sellerPayment": null,
"platform": "天猫普通订单",
"billNo": "2018030519235631",
"differenceProcessingStatus": "N",
"differenceProcessingAmount": 0,
"differenceProcessingRamarks": null,
"insurance": null
},
  {
    "creatorId": null,
    "creator": "管理员",
    "createTime": "2018-04-18T21:01:03.000+0000",
    "operator": null,
    "updaterId": null,
    "updater": null,
    "updateTime": null,
    "seq": 0,
    "params": null,
    "examineId": null,
    "examiner": null,
    "examineTime": "2018-05-03T10:52:06.000+0000",
    "pageNumber": 1,
    "pageSize": 10,
    "uuid": "c43c4263-434d-11e8-a166-44a8421bb841",
    "customer": null,
    "customerId": null,
    "batchId": "20180400092",
    "orderNo": "E20180305233633047600003",
    "businessDate": "2018-03-04T16:00:00.000+0000",
    "status": "Audited",
    "orderTotalAmount": 79,
    "orderReceivedAmount": null,
    "orderUncollectedAmount": null,
    "salesCompany": null,
    "salesDepartment": null,
    "salesman": null,
    "auditor": null,
    "auditTime": null,
    "companyId": "34898ffd-3bd3-11e8-bc22-fcaa1468c9f5",
    "company": null,
    "remarks": null,
    "totalSize": null,
    "orderReceivableSupList": [
      {
        "creatorId": null,
        "creator": null,
        "createTime": null,
        "operator": null,
        "updaterId": null,
        "updater": null,
        "updateTime": null,
        "seq": 0,
        "params": null,
        "examineId": null,
        "examiner": null,
        "examineTime": null,
        "pageNumber": 1,
        "pageSize": 10,
        "orderNo": null,
        "orderId": null,
        "batchId": null,
        "companyId": null,
        "remarks": null,
        "index": null,
        "billNo": null,
        "uuid": "c43c4263-434d-11e8-a166-44a8421bb841",
        "collectionContent": null,
        "collectionDate": null,
        "transNo": null,
        "unitPrice": null,
        "number": null,
        "unit": null,
        "amount": null,
        "platformCoupon": null,
        "companyCoupon": null,
        "voucher": null,
        "integral": null,
        "commission": null,
        "serviceCharge": null,
        "insurance": null,
        "customerPaymentAmount": null,
        "commodityNum": null,
        "commodityName": null,
        "freight": null,
        "sendArea": null,
        "sendStation": null,
        "platform": null,
        "haveOtherOrder": null,
        "orderTypeBelong": null,
        "orderSource": null,
        "orderPickUpEmp": null,
        "orderOperator": null,
        "orderer": null,
        "ordererPhone": null,
        "receiver": null,
        "receiverPhone": null,
        "receiverAddress": null,
        "delivery": null,
        "deliveryTime": null,
        "deliveryman": null,
        "deliverymanPhone": null,
        "store": null,
        "payType": null,
        "payState": null,
        "couponName": null,
        "orderStatus": null,
        "invoiceContent": null,
        "groupPurchaseVerificationCode": null,
        "cancelReason": null,
        "firstCommodityClass": null,
        "secondCommodityClass": null,
        "specification": null,
        "productName": null,
        "groupSKU": null,
        "productNum": null,
        "commodityOfficialPrice": null,
        "commodityReceivablePrice": null,
        "commodityVoucherNumber": null,
        "paymentNumber": null,
        "map": {
          "insurance": null,
          "serviceCharge": null,
          "voucher": null,
          "integral": null,
          "freight": null,
          "platformCoupon": null,
          "commission": null,
          "customerPaymentAmount": null,
          "companyCoupon": null
        },
        "sku": null,
        "skunum": null
      }
    ],
    "reconciliationPlanInfoList": null,
    "receivableRelationInfoList": null,
    "settleAmount": 0,
    "unsettleAmount": 79,
    "settleStatus": "UnSettled",
    "settlementStatus": null,
    "settlementMoney": null,
    "unsettlementMoney": null,
    "settlementdMoney": null,
    "cashCoupon": null,
    "integral": null,
    "commission": null,
    "charge": null,
    "freight": null,
    "orderType": "0",
    "totalAmount": 79,
    "platformCoupon": null,
    "companyCoupon": null,
    "sellerPayment": null,
    "platform": "天猫普通订单",
    "billNo": "2018030519235631",
    "differenceProcessingStatus": "N",
    "differenceProcessingAmount": 0,
    "differenceProcessingRamarks": null,
    "insurance": null
  },
{
"creatorId": null,
"creator": "管理员",
"createTime": "2018-04-18T21:01:03.000+0000",
"operator": null,
"updaterId": null,
"updater": null,
"updateTime": null,
"seq": 0,
"params": null,
"examineId": null,
"examiner": null,
"examineTime": "2018-05-03T10:52:06.000+0000",
"pageNumber": 1,
"pageSize": 10,
"uuid": "c43c3d53-434d-11e8-a166-44a8421bb841",
"customer": null,
"customerId": null,
"batchId": "20180400092",
"orderNo": "E20180305233613099200001",
"businessDate": "2018-03-04T16:00:00.000+0000",
"status": "Audited",
"orderTotalAmount": 69,
"orderReceivedAmount": null,
"orderUncollectedAmount": null,
"salesCompany": null,
"salesDepartment": null,
"salesman": null,
"auditor": null,
"auditTime": null,
"companyId": "34898ffd-3bd3-11e8-bc22-fcaa1468c9f5",
"company": null,
"remarks": null,
"totalSize": null,
"orderReceivableSupList": [
{
"creatorId": null,
"creator": null,
"createTime": null,
"operator": null,
"updaterId": null,
"updater": null,
"updateTime": null,
"seq": 0,
"params": null,
"examineId": null,
"examiner": null,
"examineTime": null,
"pageNumber": 1,
"pageSize": 10,
"orderNo": null,
"orderId": null,
"batchId": null,
"companyId": null,
"remarks": null,
"index": null,
"billNo": null,
"uuid": "c43c3d53-434d-11e8-a166-44a8421bb841",
"collectionContent": null,
"collectionDate": null,
"transNo": null,
"unitPrice": null,
"number": null,
"unit": null,
"amount": null,
"platformCoupon": null,
"companyCoupon": null,
"voucher": null,
"integral": null,
"commission": null,
"serviceCharge": null,
"insurance": null,
"customerPaymentAmount": null,
"commodityNum": null,
"commodityName": null,
"freight": null,
"sendArea": null,
"sendStation": null,
"platform": null,
"haveOtherOrder": null,
"orderTypeBelong": null,
"orderSource": null,
"orderPickUpEmp": null,
"orderOperator": null,
"orderer": null,
"ordererPhone": null,
"receiver": null,
"receiverPhone": null,
"receiverAddress": null,
"delivery": null,
"deliveryTime": null,
"deliveryman": null,
"deliverymanPhone": null,
"store": null,
"payType": null,
"payState": null,
"couponName": null,
"orderStatus": null,
"invoiceContent": null,
"groupPurchaseVerificationCode": null,
"cancelReason": null,
"firstCommodityClass": null,
"secondCommodityClass": null,
"specification": null,
"productName": null,
"groupSKU": null,
"productNum": null,
"commodityOfficialPrice": null,
"commodityReceivablePrice": null,
"commodityVoucherNumber": null,
"paymentNumber": null,
"map": {
"insurance": null,
"serviceCharge": null,
"voucher": null,
"integral": null,
"freight": null,
"platformCoupon": null,
"commission": null,
"customerPaymentAmount": null,
"companyCoupon": null
},
"sku": null,
"skunum": null
}
],
"reconciliationPlanInfoList": null,
"receivableRelationInfoList": null,
"settleAmount": 0,
"unsettleAmount": 69,
"settleStatus": "UnSettled",
"settlementStatus": null,
"settlementMoney": null,
"unsettlementMoney": null,
"settlementdMoney": null,
"cashCoupon": null,
"integral": null,
"commission": null,
"charge": null,
"freight": null,
"orderType": "0",
"totalAmount": 69,
"platformCoupon": null,
"companyCoupon": null,
"sellerPayment": null,
"platform": "饿了么，普通订单",
"billNo": "2018030519235630",
"differenceProcessingStatus": "N",
"differenceProcessingAmount": 0,
"differenceProcessingRamarks": null,
"insurance": null
},
  {
    "creatorId": null,
    "creator": "管理员",
    "createTime": "2018-04-18T21:01:03.000+0000",
    "operator": null,
    "updaterId": null,
    "updater": null,
    "updateTime": null,
    "seq": 0,
    "params": null,
    "examineId": null,
    "examiner": null,
    "examineTime": "2018-05-03T10:52:06.000+0000",
    "pageNumber": 1,
    "pageSize": 10,
    "uuid": "c43c3d53-434d-11e8-a166-44a8421bb841",
    "customer": null,
    "customerId": null,
    "batchId": "20180400092",
    "orderNo": "E20180305233613099200001",
    "businessDate": "2018-03-04T16:00:00.000+0000",
    "status": "Audited",
    "orderTotalAmount": 69,
    "orderReceivedAmount": null,
    "orderUncollectedAmount": null,
    "salesCompany": null,
    "salesDepartment": null,
    "salesman": null,
    "auditor": null,
    "auditTime": null,
    "companyId": "34898ffd-3bd3-11e8-bc22-fcaa1468c9f5",
    "company": null,
    "remarks": null,
    "totalSize": null,
    "orderReceivableSupList": [
      {
        "creatorId": null,
        "creator": null,
        "createTime": null,
        "operator": null,
        "updaterId": null,
        "updater": null,
        "updateTime": null,
        "seq": 0,
        "params": null,
        "examineId": null,
        "examiner": null,
        "examineTime": null,
        "pageNumber": 1,
        "pageSize": 10,
        "orderNo": null,
        "orderId": null,
        "batchId": null,
        "companyId": null,
        "remarks": null,
        "index": null,
        "billNo": null,
        "uuid": "c43c3d53-434d-11e8-a166-44a8421bb841",
        "collectionContent": null,
        "collectionDate": null,
        "transNo": null,
        "unitPrice": null,
        "number": null,
        "unit": null,
        "amount": null,
        "platformCoupon": null,
        "companyCoupon": null,
        "voucher": null,
        "integral": null,
        "commission": null,
        "serviceCharge": null,
        "insurance": null,
        "customerPaymentAmount": null,
        "commodityNum": null,
        "commodityName": null,
        "freight": null,
        "sendArea": null,
        "sendStation": null,
        "platform": null,
        "haveOtherOrder": null,
        "orderTypeBelong": null,
        "orderSource": null,
        "orderPickUpEmp": null,
        "orderOperator": null,
        "orderer": null,
        "ordererPhone": null,
        "receiver": null,
        "receiverPhone": null,
        "receiverAddress": null,
        "delivery": null,
        "deliveryTime": null,
        "deliveryman": null,
        "deliverymanPhone": null,
        "store": null,
        "payType": null,
        "payState": null,
        "couponName": null,
        "orderStatus": null,
        "invoiceContent": null,
        "groupPurchaseVerificationCode": null,
        "cancelReason": null,
        "firstCommodityClass": null,
        "secondCommodityClass": null,
        "specification": null,
        "productName": null,
        "groupSKU": null,
        "productNum": null,
        "commodityOfficialPrice": null,
        "commodityReceivablePrice": null,
        "commodityVoucherNumber": null,
        "paymentNumber": null,
        "map": {
          "insurance": null,
          "serviceCharge": null,
          "voucher": null,
          "integral": null,
          "freight": null,
          "platformCoupon": null,
          "commission": null,
          "customerPaymentAmount": null,
          "companyCoupon": null
        },
        "sku": null,
        "skunum": null
      }
    ],
    "reconciliationPlanInfoList": null,
    "receivableRelationInfoList": null,
    "settleAmount": 0,
    "unsettleAmount": 69,
    "settleStatus": "UnSettled",
    "settlementStatus": null,
    "settlementMoney": null,
    "unsettlementMoney": null,
    "settlementdMoney": null,
    "cashCoupon": null,
    "integral": null,
    "commission": null,
    "charge": null,
    "freight": null,
    "orderType": "0",
    "totalAmount": 69,
    "platformCoupon": null,
    "companyCoupon": null,
    "sellerPayment": null,
    "platform": "饿了么，普通订单",
    "billNo": "2018030519235630",
    "differenceProcessingStatus": "N",
    "differenceProcessingAmount": 0,
    "differenceProcessingRamarks": null,
    "insurance": null
  },
{
"creatorId": null,
"creator": "管理员",
"createTime": "2018-04-18T21:01:03.000+0000",
"operator": null,
"updaterId": null,
"updater": null,
"updateTime": null,
"seq": 0,
"params": null,
"examineId": null,
"examiner": null,
"examineTime": "2018-05-03T10:52:06.000+0000",
"pageNumber": 1,
"pageSize": 10,
"uuid": "c43b5077-434d-11e8-a166-44a8421bb841",
"customer": null,
"customerId": null,
"batchId": "20180400092",
"orderNo": "E20180305233554094700001",
"businessDate": "2018-03-04T16:00:00.000+0000",
"status": "Audited",
"orderTotalAmount": 128,
"orderReceivedAmount": null,
"orderUncollectedAmount": null,
"salesCompany": null,
"salesDepartment": null,
"salesman": null,
"auditor": null,
"auditTime": null,
"companyId": "34898ffd-3bd3-11e8-bc22-fcaa1468c9f5",
"company": null,
"remarks": null,
"totalSize": null,
"orderReceivableSupList": [
{
"creatorId": null,
"creator": null,
"createTime": null,
"operator": null,
"updaterId": null,
"updater": null,
"updateTime": null,
"seq": 0,
"params": null,
"examineId": null,
"examiner": null,
"examineTime": null,
"pageNumber": 1,
"pageSize": 10,
"orderNo": null,
"orderId": null,
"batchId": null,
"companyId": null,
"remarks": null,
"index": null,
"billNo": null,
"uuid": "c43b5077-434d-11e8-a166-44a8421bb841",
"collectionContent": null,
"collectionDate": null,
"transNo": null,
"unitPrice": null,
"number": null,
"unit": null,
"amount": null,
"platformCoupon": null,
"companyCoupon": null,
"voucher": null,
"integral": null,
"commission": null,
"serviceCharge": null,
"insurance": null,
"customerPaymentAmount": null,
"commodityNum": null,
"commodityName": null,
"freight": null,
"sendArea": null,
"sendStation": null,
"platform": null,
"haveOtherOrder": null,
"orderTypeBelong": null,
"orderSource": null,
"orderPickUpEmp": null,
"orderOperator": null,
"orderer": null,
"ordererPhone": null,
"receiver": null,
"receiverPhone": null,
"receiverAddress": null,
"delivery": null,
"deliveryTime": null,
"deliveryman": null,
"deliverymanPhone": null,
"store": null,
"payType": null,
"payState": null,
"couponName": null,
"orderStatus": null,
"invoiceContent": null,
"groupPurchaseVerificationCode": null,
"cancelReason": null,
"firstCommodityClass": null,
"secondCommodityClass": null,
"specification": null,
"productName": null,
"groupSKU": null,
"productNum": null,
"commodityOfficialPrice": null,
"commodityReceivablePrice": null,
"commodityVoucherNumber": null,
"paymentNumber": null,
"map": {
"insurance": null,
"serviceCharge": null,
"voucher": null,
"integral": null,
"freight": null,
"platformCoupon": null,
"commission": null,
"customerPaymentAmount": null,
"companyCoupon": null
},
"sku": null,
"skunum": null
}
],
"reconciliationPlanInfoList": null,
"receivableRelationInfoList": null,
"settleAmount": 0,
"unsettleAmount": 128,
"settleStatus": "UnSettled",
"settlementStatus": null,
"settlementMoney": null,
"unsettlementMoney": null,
"settlementdMoney": null,
"cashCoupon": null,
"integral": null,
"commission": null,
"charge": null,
"freight": null,
"orderType": "0",
"totalAmount": 128,
"platformCoupon": null,
"companyCoupon": null,
"sellerPayment": null,
"platform": "幸福,有赞普通订单",
"billNo": "2018030519235629",
"differenceProcessingStatus": "N",
"differenceProcessingAmount": 0,
"differenceProcessingRamarks": null,
"insurance": null
},
  {
    "creatorId": null,
    "creator": "管理员",
    "createTime": "2018-04-18T21:01:03.000+0000",
    "operator": null,
    "updaterId": null,
    "updater": null,
    "updateTime": null,
    "seq": 0,
    "params": null,
    "examineId": null,
    "examiner": null,
    "examineTime": "2018-05-03T10:52:06.000+0000",
    "pageNumber": 1,
    "pageSize": 10,
    "uuid": "c43b5077-434d-11e8-a166-44a8421bb841",
    "customer": null,
    "customerId": null,
    "batchId": "20180400092",
    "orderNo": "E20180305233554094700001",
    "businessDate": "2018-03-04T16:00:00.000+0000",
    "status": "Audited",
    "orderTotalAmount": 128,
    "orderReceivedAmount": null,
    "orderUncollectedAmount": null,
    "salesCompany": null,
    "salesDepartment": null,
    "salesman": null,
    "auditor": null,
    "auditTime": null,
    "companyId": "34898ffd-3bd3-11e8-bc22-fcaa1468c9f5",
    "company": null,
    "remarks": null,
    "totalSize": null,
    "orderReceivableSupList": [
      {
        "creatorId": null,
        "creator": null,
        "createTime": null,
        "operator": null,
        "updaterId": null,
        "updater": null,
        "updateTime": null,
        "seq": 0,
        "params": null,
        "examineId": null,
        "examiner": null,
        "examineTime": null,
        "pageNumber": 1,
        "pageSize": 10,
        "orderNo": null,
        "orderId": null,
        "batchId": null,
        "companyId": null,
        "remarks": null,
        "index": null,
        "billNo": null,
        "uuid": "c43b5077-434d-11e8-a166-44a8421bb841",
        "collectionContent": null,
        "collectionDate": null,
        "transNo": null,
        "unitPrice": null,
        "number": null,
        "unit": null,
        "amount": null,
        "platformCoupon": null,
        "companyCoupon": null,
        "voucher": null,
        "integral": null,
        "commission": null,
        "serviceCharge": null,
        "insurance": null,
        "customerPaymentAmount": null,
        "commodityNum": null,
        "commodityName": null,
        "freight": null,
        "sendArea": null,
        "sendStation": null,
        "platform": null,
        "haveOtherOrder": null,
        "orderTypeBelong": null,
        "orderSource": null,
        "orderPickUpEmp": null,
        "orderOperator": null,
        "orderer": null,
        "ordererPhone": null,
        "receiver": null,
        "receiverPhone": null,
        "receiverAddress": null,
        "delivery": null,
        "deliveryTime": null,
        "deliveryman": null,
        "deliverymanPhone": null,
        "store": null,
        "payType": null,
        "payState": null,
        "couponName": null,
        "orderStatus": null,
        "invoiceContent": null,
        "groupPurchaseVerificationCode": null,
        "cancelReason": null,
        "firstCommodityClass": null,
        "secondCommodityClass": null,
        "specification": null,
        "productName": null,
        "groupSKU": null,
        "productNum": null,
        "commodityOfficialPrice": null,
        "commodityReceivablePrice": null,
        "commodityVoucherNumber": null,
        "paymentNumber": null,
        "map": {
          "insurance": null,
          "serviceCharge": null,
          "voucher": null,
          "integral": null,
          "freight": null,
          "platformCoupon": null,
          "commission": null,
          "customerPaymentAmount": null,
          "companyCoupon": null
        },
        "sku": null,
        "skunum": null
      }
    ],
    "reconciliationPlanInfoList": null,
    "receivableRelationInfoList": null,
    "settleAmount": 0,
    "unsettleAmount": 128,
    "settleStatus": "UnSettled",
    "settlementStatus": null,
    "settlementMoney": null,
    "unsettlementMoney": null,
    "settlementdMoney": null,
    "cashCoupon": null,
    "integral": null,
    "commission": null,
    "charge": null,
    "freight": null,
    "orderType": "0",
    "totalAmount": 128,
    "platformCoupon": null,
    "companyCoupon": null,
    "sellerPayment": null,
    "platform": "幸福,有赞普通订单",
    "billNo": "2018030519235629",
    "differenceProcessingStatus": "N",
    "differenceProcessingAmount": 0,
    "differenceProcessingRamarks": null,
    "insurance": null
  },
{
"creatorId": null,
"creator": "管理员",
"createTime": "2018-04-18T21:01:03.000+0000",
"operator": null,
"updaterId": null,
"updater": null,
"updateTime": null,
"seq": 0,
"params": null,
"examineId": null,
"examiner": null,
"examineTime": "2018-05-03T10:52:06.000+0000",
"pageNumber": 1,
"pageSize": 10,
"uuid": "d5f0fbe4-434d-11e8-a166-44a8421bb841",
"customer": null,
"customerId": null,
"batchId": "20180400092",
"orderNo": "XF2018030523361414",
"businessDate": "2018-03-04T16:00:00.000+0000",
"status": "Audited",
"orderTotalAmount": 180,
"orderReceivedAmount": null,
"orderUncollectedAmount": null,
"salesCompany": null,
"salesDepartment": null,
"salesman": null,
"auditor": null,
"auditTime": null,
"companyId": "34898ffd-3bd3-11e8-bc22-fcaa1468c9f5",
"company": null,
"remarks": null,
"totalSize": null,
"orderReceivableSupList": [
{
"creatorId": null,
"creator": null,
"createTime": null,
"operator": null,
"updaterId": null,
"updater": null,
"updateTime": null,
"seq": 0,
"params": null,
"examineId": null,
"examiner": null,
"examineTime": null,
"pageNumber": 1,
"pageSize": 10,
"orderNo": null,
"orderId": null,
"batchId": null,
"companyId": null,
"remarks": null,
"index": null,
"billNo": null,
"uuid": "d5f0fbe4-434d-11e8-a166-44a8421bb841",
"collectionContent": null,
"collectionDate": null,
"transNo": null,
"unitPrice": null,
"number": null,
"unit": null,
"amount": null,
"platformCoupon": null,
"companyCoupon": null,
"voucher": null,
"integral": null,
"commission": null,
"serviceCharge": null,
"insurance": null,
"customerPaymentAmount": null,
"commodityNum": null,
"commodityName": null,
"freight": null,
"sendArea": null,
"sendStation": null,
"platform": null,
"haveOtherOrder": null,
"orderTypeBelong": null,
"orderSource": null,
"orderPickUpEmp": null,
"orderOperator": null,
"orderer": null,
"ordererPhone": null,
"receiver": null,
"receiverPhone": null,
"receiverAddress": null,
"delivery": null,
"deliveryTime": null,
"deliveryman": null,
"deliverymanPhone": null,
"store": null,
"payType": null,
"payState": null,
"couponName": null,
"orderStatus": null,
"invoiceContent": null,
"groupPurchaseVerificationCode": null,
"cancelReason": null,
"firstCommodityClass": null,
"secondCommodityClass": null,
"specification": null,
"productName": null,
"groupSKU": null,
"productNum": null,
"commodityOfficialPrice": null,
"commodityReceivablePrice": null,
"commodityVoucherNumber": null,
"paymentNumber": null,
"map": {
"insurance": null,
"serviceCharge": null,
"voucher": null,
"integral": null,
"freight": null,
"platformCoupon": null,
"commission": null,
"customerPaymentAmount": null,
"companyCoupon": null
},
"sku": null,
"skunum": null
}
],
"reconciliationPlanInfoList": null,
"receivableRelationInfoList": null,
"settleAmount": 0,
"unsettleAmount": 180,
"settleStatus": "UnSettled",
"settlementStatus": null,
"settlementMoney": null,
"unsettlementMoney": null,
"settlementdMoney": null,
"cashCoupon": null,
"integral": null,
"commission": null,
"charge": null,
"freight": null,
"orderType": "0",
"totalAmount": 180,
"platformCoupon": null,
"companyCoupon": null,
"sellerPayment": null,
"platform": "幸福官网,PC官网",
"billNo": "2018030519235628",
"differenceProcessingStatus": "N",
"differenceProcessingAmount": 0,
"differenceProcessingRamarks": null,
"insurance": null
},
  {
    "creatorId": null,
    "creator": "管理员",
    "createTime": "2018-04-18T21:01:03.000+0000",
    "operator": null,
    "updaterId": null,
    "updater": null,
    "updateTime": null,
    "seq": 0,
    "params": null,
    "examineId": null,
    "examiner": null,
    "examineTime": "2018-05-03T10:52:06.000+0000",
    "pageNumber": 1,
    "pageSize": 10,
    "uuid": "d5f0fbe4-434d-11e8-a166-44a8421bb841",
    "customer": null,
    "customerId": null,
    "batchId": "20180400092",
    "orderNo": "XF2018030523361414",
    "businessDate": "2018-03-04T16:00:00.000+0000",
    "status": "Audited",
    "orderTotalAmount": 180,
    "orderReceivedAmount": null,
    "orderUncollectedAmount": null,
    "salesCompany": null,
    "salesDepartment": null,
    "salesman": null,
    "auditor": null,
    "auditTime": null,
    "companyId": "34898ffd-3bd3-11e8-bc22-fcaa1468c9f5",
    "company": null,
    "remarks": null,
    "totalSize": null,
    "orderReceivableSupList": [
      {
        "creatorId": null,
        "creator": null,
        "createTime": null,
        "operator": null,
        "updaterId": null,
        "updater": null,
        "updateTime": null,
        "seq": 0,
        "params": null,
        "examineId": null,
        "examiner": null,
        "examineTime": null,
        "pageNumber": 1,
        "pageSize": 10,
        "orderNo": null,
        "orderId": null,
        "batchId": null,
        "companyId": null,
        "remarks": null,
        "index": null,
        "billNo": null,
        "uuid": "d5f0fbe4-434d-11e8-a166-44a8421bb841",
        "collectionContent": null,
        "collectionDate": null,
        "transNo": null,
        "unitPrice": null,
        "number": null,
        "unit": null,
        "amount": null,
        "platformCoupon": null,
        "companyCoupon": null,
        "voucher": null,
        "integral": null,
        "commission": null,
        "serviceCharge": null,
        "insurance": null,
        "customerPaymentAmount": null,
        "commodityNum": null,
        "commodityName": null,
        "freight": null,
        "sendArea": null,
        "sendStation": null,
        "platform": null,
        "haveOtherOrder": null,
        "orderTypeBelong": null,
        "orderSource": null,
        "orderPickUpEmp": null,
        "orderOperator": null,
        "orderer": null,
        "ordererPhone": null,
        "receiver": null,
        "receiverPhone": null,
        "receiverAddress": null,
        "delivery": null,
        "deliveryTime": null,
        "deliveryman": null,
        "deliverymanPhone": null,
        "store": null,
        "payType": null,
        "payState": null,
        "couponName": null,
        "orderStatus": null,
        "invoiceContent": null,
        "groupPurchaseVerificationCode": null,
        "cancelReason": null,
        "firstCommodityClass": null,
        "secondCommodityClass": null,
        "specification": null,
        "productName": null,
        "groupSKU": null,
        "productNum": null,
        "commodityOfficialPrice": null,
        "commodityReceivablePrice": null,
        "commodityVoucherNumber": null,
        "paymentNumber": null,
        "map": {
          "insurance": null,
          "serviceCharge": null,
          "voucher": null,
          "integral": null,
          "freight": null,
          "platformCoupon": null,
          "commission": null,
          "customerPaymentAmount": null,
          "companyCoupon": null
        },
        "sku": null,
        "skunum": null
      }
    ],
    "reconciliationPlanInfoList": null,
    "receivableRelationInfoList": null,
    "settleAmount": 0,
    "unsettleAmount": 180,
    "settleStatus": "UnSettled",
    "settlementStatus": null,
    "settlementMoney": null,
    "unsettlementMoney": null,
    "settlementdMoney": null,
    "cashCoupon": null,
    "integral": null,
    "commission": null,
    "charge": null,
    "freight": null,
    "orderType": "0",
    "totalAmount": 180,
    "platformCoupon": null,
    "companyCoupon": null,
    "sellerPayment": null,
    "platform": "幸福官网,PC官网",
    "billNo": "2018030519235628",
    "differenceProcessingStatus": "N",
    "differenceProcessingAmount": 0,
    "differenceProcessingRamarks": null,
    "insurance": null
  },
{
"creatorId": null,
"creator": "管理员",
"createTime": "2018-04-18T21:01:03.000+0000",
"operator": null,
"updaterId": null,
"updater": null,
"updateTime": null,
"seq": 0,
"params": null,
"examineId": null,
"examiner": null,
"examineTime": "2018-05-03T10:52:06.000+0000",
"pageNumber": 1,
"pageSize": 10,
"uuid": "c43b555f-434d-11e8-a166-44a8421bb841",
"customer": null,
"customerId": null,
"batchId": "20180400092",
"orderNo": "E20180305233557032100002",
"businessDate": "2018-03-04T16:00:00.000+0000",
"status": "Audited",
"orderTotalAmount": 29,
"orderReceivedAmount": null,
"orderUncollectedAmount": null,
"salesCompany": null,
"salesDepartment": null,
"salesman": null,
"auditor": null,
"auditTime": null,
"companyId": "34898ffd-3bd3-11e8-bc22-fcaa1468c9f5",
"company": null,
"remarks": null,
"totalSize": null,
"orderReceivableSupList": [
{
"creatorId": null,
"creator": null,
"createTime": null,
"operator": null,
"updaterId": null,
"updater": null,
"updateTime": null,
"seq": 0,
"params": null,
"examineId": null,
"examiner": null,
"examineTime": null,
"pageNumber": 1,
"pageSize": 10,
"orderNo": null,
"orderId": null,
"batchId": null,
"companyId": null,
"remarks": null,
"index": null,
"billNo": null,
"uuid": "c43b555f-434d-11e8-a166-44a8421bb841",
"collectionContent": null,
"collectionDate": null,
"transNo": null,
"unitPrice": null,
"number": null,
"unit": null,
"amount": null,
"platformCoupon": null,
"companyCoupon": null,
"voucher": null,
"integral": null,
"commission": null,
"serviceCharge": null,
"insurance": null,
"customerPaymentAmount": null,
"commodityNum": null,
"commodityName": null,
"freight": null,
"sendArea": null,
"sendStation": null,
"platform": null,
"haveOtherOrder": null,
"orderTypeBelong": null,
"orderSource": null,
"orderPickUpEmp": null,
"orderOperator": null,
"orderer": null,
"ordererPhone": null,
"receiver": null,
"receiverPhone": null,
"receiverAddress": null,
"delivery": null,
"deliveryTime": null,
"deliveryman": null,
"deliverymanPhone": null,
"store": null,
"payType": null,
"payState": null,
"couponName": null,
"orderStatus": null,
"invoiceContent": null,
"groupPurchaseVerificationCode": null,
"cancelReason": null,
"firstCommodityClass": null,
"secondCommodityClass": null,
"specification": null,
"productName": null,
"groupSKU": null,
"productNum": null,
"commodityOfficialPrice": null,
"commodityReceivablePrice": null,
"commodityVoucherNumber": null,
"paymentNumber": null,
"map": {
"insurance": null,
"serviceCharge": null,
"voucher": null,
"integral": null,
"freight": null,
"platformCoupon": null,
"commission": null,
"customerPaymentAmount": null,
"companyCoupon": null
},
"sku": null,
"skunum": null
}
],
"reconciliationPlanInfoList": null,
"receivableRelationInfoList": null,
"settleAmount": 0,
"unsettleAmount": 29,
"settleStatus": "UnSettled",
"settlementStatus": null,
"settlementMoney": null,
"unsettlementMoney": null,
"settlementdMoney": null,
"cashCoupon": null,
"integral": null,
"commission": null,
"charge": null,
"freight": null,
"orderType": "0",
"totalAmount": 29,
"platformCoupon": null,
"companyCoupon": null,
"sellerPayment": null,
"platform": "淘宝,普通订单",
"billNo": "2018030519235627",
"differenceProcessingStatus": "N",
"differenceProcessingAmount": 0,
"differenceProcessingRamarks": null,
"insurance": null
},
  {
    "creatorId": null,
    "creator": "管理员",
    "createTime": "2018-04-18T21:01:03.000+0000",
    "operator": null,
    "updaterId": null,
    "updater": null,
    "updateTime": null,
    "seq": 0,
    "params": null,
    "examineId": null,
    "examiner": null,
    "examineTime": "2018-05-03T10:52:06.000+0000",
    "pageNumber": 1,
    "pageSize": 10,
    "uuid": "c43b555f-434d-11e8-a166-44a8421bb841",
    "customer": null,
    "customerId": null,
    "batchId": "20180400092",
    "orderNo": "E20180305233557032100002",
    "businessDate": "2018-03-04T16:00:00.000+0000",
    "status": "Audited",
    "orderTotalAmount": 29,
    "orderReceivedAmount": null,
    "orderUncollectedAmount": null,
    "salesCompany": null,
    "salesDepartment": null,
    "salesman": null,
    "auditor": null,
    "auditTime": null,
    "companyId": "34898ffd-3bd3-11e8-bc22-fcaa1468c9f5",
    "company": null,
    "remarks": null,
    "totalSize": null,
    "orderReceivableSupList": [
      {
        "creatorId": null,
        "creator": null,
        "createTime": null,
        "operator": null,
        "updaterId": null,
        "updater": null,
        "updateTime": null,
        "seq": 0,
        "params": null,
        "examineId": null,
        "examiner": null,
        "examineTime": null,
        "pageNumber": 1,
        "pageSize": 10,
        "orderNo": null,
        "orderId": null,
        "batchId": null,
        "companyId": null,
        "remarks": null,
        "index": null,
        "billNo": null,
        "uuid": "c43b555f-434d-11e8-a166-44a8421bb841",
        "collectionContent": null,
        "collectionDate": null,
        "transNo": null,
        "unitPrice": null,
        "number": null,
        "unit": null,
        "amount": null,
        "platformCoupon": null,
        "companyCoupon": null,
        "voucher": null,
        "integral": null,
        "commission": null,
        "serviceCharge": null,
        "insurance": null,
        "customerPaymentAmount": null,
        "commodityNum": null,
        "commodityName": null,
        "freight": null,
        "sendArea": null,
        "sendStation": null,
        "platform": null,
        "haveOtherOrder": null,
        "orderTypeBelong": null,
        "orderSource": null,
        "orderPickUpEmp": null,
        "orderOperator": null,
        "orderer": null,
        "ordererPhone": null,
        "receiver": null,
        "receiverPhone": null,
        "receiverAddress": null,
        "delivery": null,
        "deliveryTime": null,
        "deliveryman": null,
        "deliverymanPhone": null,
        "store": null,
        "payType": null,
        "payState": null,
        "couponName": null,
        "orderStatus": null,
        "invoiceContent": null,
        "groupPurchaseVerificationCode": null,
        "cancelReason": null,
        "firstCommodityClass": null,
        "secondCommodityClass": null,
        "specification": null,
        "productName": null,
        "groupSKU": null,
        "productNum": null,
        "commodityOfficialPrice": null,
        "commodityReceivablePrice": null,
        "commodityVoucherNumber": null,
        "paymentNumber": null,
        "map": {
          "insurance": null,
          "serviceCharge": null,
          "voucher": null,
          "integral": null,
          "freight": null,
          "platformCoupon": null,
          "commission": null,
          "customerPaymentAmount": null,
          "companyCoupon": null
        },
        "sku": null,
        "skunum": null
      }
    ],
    "reconciliationPlanInfoList": null,
    "receivableRelationInfoList": null,
    "settleAmount": 0,
    "unsettleAmount": 29,
    "settleStatus": "UnSettled",
    "settlementStatus": null,
    "settlementMoney": null,
    "unsettlementMoney": null,
    "settlementdMoney": null,
    "cashCoupon": null,
    "integral": null,
    "commission": null,
    "charge": null,
    "freight": null,
    "orderType": "0",
    "totalAmount": 29,
    "platformCoupon": null,
    "companyCoupon": null,
    "sellerPayment": null,
    "platform": "淘宝,普通订单",
    "billNo": "2018030519235627",
    "differenceProcessingStatus": "N",
    "differenceProcessingAmount": 0,
    "differenceProcessingRamarks": null,
    "insurance": null
  },
  {
    "creatorId": null,
    "creator": "管理员",
    "createTime": "2018-04-18T21:01:03.000+0000",
    "operator": null,
    "updaterId": null,
    "updater": null,
    "updateTime": null,
    "seq": 0,
    "params": null,
    "examineId": null,
    "examiner": null,
    "examineTime": "2018-05-03T10:52:06.000+0000",
    "pageNumber": 1,
    "pageSize": 10,
    "uuid": "c43b465f-434d-11e8-a166-44a8421bb841",
    "customer": null,
    "customerId": null,
    "batchId": "20180400092",
    "orderNo": "E20180305233529037600008",
    "businessDate": "2018-03-04T16:00:00.000+0000",
    "status": "Audited",
    "orderTotalAmount": 79,
    "orderReceivedAmount": null,
    "orderUncollectedAmount": null,
    "salesCompany": null,
    "salesDepartment": null,
    "salesman": null,
    "auditor": null,
    "auditTime": null,
    "companyId": "34898ffd-3bd3-11e8-bc22-fcaa1468c9f5",
    "company": null,
    "remarks": null,
    "totalSize": null,
    "orderReceivableSupList": [
      {
        "creatorId": null,
        "creator": null,
        "createTime": null,
        "operator": null,
        "updaterId": null,
        "updater": null,
        "updateTime": null,
        "seq": 0,
        "params": null,
        "examineId": null,
        "examiner": null,
        "examineTime": null,
        "pageNumber": 1,
        "pageSize": 10,
        "orderNo": null,
        "orderId": null,
        "batchId": null,
        "companyId": null,
        "remarks": null,
        "index": null,
        "billNo": null,
        "uuid": "c43b465f-434d-11e8-a166-44a8421bb841",
        "collectionContent": null,
        "collectionDate": null,
        "transNo": null,
        "unitPrice": null,
        "number": null,
        "unit": null,
        "amount": null,
        "platformCoupon": null,
        "companyCoupon": null,
        "voucher": null,
        "integral": null,
        "commission": null,
        "serviceCharge": null,
        "insurance": null,
        "customerPaymentAmount": null,
        "commodityNum": null,
        "commodityName": null,
        "freight": null,
        "sendArea": null,
        "sendStation": null,
        "platform": null,
        "haveOtherOrder": null,
        "orderTypeBelong": null,
        "orderSource": null,
        "orderPickUpEmp": null,
        "orderOperator": null,
        "orderer": null,
        "ordererPhone": null,
        "receiver": null,
        "receiverPhone": null,
        "receiverAddress": null,
        "delivery": null,
        "deliveryTime": null,
        "deliveryman": null,
        "deliverymanPhone": null,
        "store": null,
        "payType": null,
        "payState": null,
        "couponName": null,
        "orderStatus": null,
        "invoiceContent": null,
        "groupPurchaseVerificationCode": null,
        "cancelReason": null,
        "firstCommodityClass": null,
        "secondCommodityClass": null,
        "specification": null,
        "productName": null,
        "groupSKU": null,
        "productNum": null,
        "commodityOfficialPrice": null,
        "commodityReceivablePrice": null,
        "commodityVoucherNumber": null,
        "paymentNumber": null,
        "map": {
          "insurance": null,
          "serviceCharge": null,
          "voucher": null,
          "integral": null,
          "freight": null,
          "platformCoupon": null,
          "commission": null,
          "customerPaymentAmount": null,
          "companyCoupon": null
        },
        "sku": null,
        "skunum": null
      }
    ],
    "reconciliationPlanInfoList": null,
    "receivableRelationInfoList": null,
    "settleAmount": 0,
    "unsettleAmount": 79,
    "settleStatus": "UnSettled",
    "settlementStatus": null,
    "settlementMoney": null,
    "unsettlementMoney": null,
    "settlementdMoney": null,
    "cashCoupon": null,
    "integral": null,
    "commission": null,
    "charge": null,
    "freight": null,
    "orderType": "0",
    "totalAmount": 79,
    "platformCoupon": null,
    "companyCoupon": null,
    "sellerPayment": null,
    "platform": "加油,有赞普通订单",
    "billNo": "2018030519235626",
    "differenceProcessingStatus": "N",
    "differenceProcessingAmount": 0,
    "differenceProcessingRamarks": null,
    "insurance": null
  },
  {
    "creatorId": null,
    "creator": "管理员",
    "createTime": "2018-04-18T21:01:03.000+0000",
    "operator": null,
    "updaterId": null,
    "updater": null,
    "updateTime": null,
    "seq": 0,
    "params": null,
    "examineId": null,
    "examiner": null,
    "examineTime": "2018-05-03T10:52:06.000+0000",
    "pageNumber": 1,
    "pageSize": 10,
    "uuid": "c43b465f-434d-11e8-a166-44a8421bb841",
    "customer": null,
    "customerId": null,
    "batchId": "20180400092",
    "orderNo": "E20180305233529037600008",
    "businessDate": "2018-03-04T16:00:00.000+0000",
    "status": "Audited",
    "orderTotalAmount": 79,
    "orderReceivedAmount": null,
    "orderUncollectedAmount": null,
    "salesCompany": null,
    "salesDepartment": null,
    "salesman": null,
    "auditor": null,
    "auditTime": null,
    "companyId": "34898ffd-3bd3-11e8-bc22-fcaa1468c9f5",
    "company": null,
    "remarks": null,
    "totalSize": null,
    "orderReceivableSupList": [
      {
        "creatorId": null,
        "creator": null,
        "createTime": null,
        "operator": null,
        "updaterId": null,
        "updater": null,
        "updateTime": null,
        "seq": 0,
        "params": null,
        "examineId": null,
        "examiner": null,
        "examineTime": null,
        "pageNumber": 1,
        "pageSize": 10,
        "orderNo": null,
        "orderId": null,
        "batchId": null,
        "companyId": null,
        "remarks": null,
        "index": null,
        "billNo": null,
        "uuid": "c43b465f-434d-11e8-a166-44a8421bb841",
        "collectionContent": null,
        "collectionDate": null,
        "transNo": null,
        "unitPrice": null,
        "number": null,
        "unit": null,
        "amount": null,
        "platformCoupon": null,
        "companyCoupon": null,
        "voucher": null,
        "integral": null,
        "commission": null,
        "serviceCharge": null,
        "insurance": null,
        "customerPaymentAmount": null,
        "commodityNum": null,
        "commodityName": null,
        "freight": null,
        "sendArea": null,
        "sendStation": null,
        "platform": null,
        "haveOtherOrder": null,
        "orderTypeBelong": null,
        "orderSource": null,
        "orderPickUpEmp": null,
        "orderOperator": null,
        "orderer": null,
        "ordererPhone": null,
        "receiver": null,
        "receiverPhone": null,
        "receiverAddress": null,
        "delivery": null,
        "deliveryTime": null,
        "deliveryman": null,
        "deliverymanPhone": null,
        "store": null,
        "payType": null,
        "payState": null,
        "couponName": null,
        "orderStatus": null,
        "invoiceContent": null,
        "groupPurchaseVerificationCode": null,
        "cancelReason": null,
        "firstCommodityClass": null,
        "secondCommodityClass": null,
        "specification": null,
        "productName": null,
        "groupSKU": null,
        "productNum": null,
        "commodityOfficialPrice": null,
        "commodityReceivablePrice": null,
        "commodityVoucherNumber": null,
        "paymentNumber": null,
        "map": {
          "insurance": null,
          "serviceCharge": null,
          "voucher": null,
          "integral": null,
          "freight": null,
          "platformCoupon": null,
          "commission": null,
          "customerPaymentAmount": null,
          "companyCoupon": null
        },
        "sku": null,
        "skunum": null
      }
    ],
    "reconciliationPlanInfoList": null,
    "receivableRelationInfoList": null,
    "settleAmount": 0,
    "unsettleAmount": 79,
    "settleStatus": "UnSettled",
    "settlementStatus": null,
    "settlementMoney": null,
    "unsettlementMoney": null,
    "settlementdMoney": null,
    "cashCoupon": null,
    "integral": null,
    "commission": null,
    "charge": null,
    "freight": null,
    "orderType": "0",
    "totalAmount": 79,
    "platformCoupon": null,
    "companyCoupon": null,
    "sellerPayment": null,
    "platform": "加油,有赞普通订单",
    "billNo": "2018030519235626",
    "differenceProcessingStatus": "N",
    "differenceProcessingAmount": 0,
    "differenceProcessingRamarks": null,
    "insurance": null
  },
{
"creatorId": null,
"creator": "管理员",
"createTime": "2018-04-18T21:01:03.000+0000",
"operator": null,
"updaterId": null,
"updater": null,
"updateTime": null,
"seq": 0,
"params": null,
"examineId": null,
"examiner": null,
"examineTime": "2018-05-03T10:52:06.000+0000",
"pageNumber": 1,
"pageSize": 10,
"uuid": "c43b4148-434d-11e8-a166-44a8421bb841",
"customer": null,
"customerId": null,
"batchId": "20180400092",
"orderNo": "E20180305233525018300003",
"businessDate": "2018-03-04T16:00:00.000+0000",
"status": "Audited",
"orderTotalAmount": 228,
"orderReceivedAmount": null,
"orderUncollectedAmount": null,
"salesCompany": null,
"salesDepartment": null,
"salesman": null,
"auditor": null,
"auditTime": null,
"companyId": "34898ffd-3bd3-11e8-bc22-fcaa1468c9f5",
"company": null,
"remarks": null,
"totalSize": null,
"orderReceivableSupList": [
{
"creatorId": null,
"creator": null,
"createTime": null,
"operator": null,
"updaterId": null,
"updater": null,
"updateTime": null,
"seq": 0,
"params": null,
"examineId": null,
"examiner": null,
"examineTime": null,
"pageNumber": 1,
"pageSize": 10,
"orderNo": null,
"orderId": null,
"batchId": null,
"companyId": null,
"remarks": null,
"index": null,
"billNo": null,
"uuid": "c43b4148-434d-11e8-a166-44a8421bb841",
"collectionContent": null,
"collectionDate": null,
"transNo": null,
"unitPrice": null,
"number": null,
"unit": null,
"amount": null,
"platformCoupon": null,
"companyCoupon": null,
"voucher": null,
"integral": null,
"commission": null,
"serviceCharge": null,
"insurance": null,
"customerPaymentAmount": null,
"commodityNum": null,
"commodityName": null,
"freight": null,
"sendArea": null,
"sendStation": null,
"platform": null,
"haveOtherOrder": null,
"orderTypeBelong": null,
"orderSource": null,
"orderPickUpEmp": null,
"orderOperator": null,
"orderer": null,
"ordererPhone": null,
"receiver": null,
"receiverPhone": null,
"receiverAddress": null,
"delivery": null,
"deliveryTime": null,
"deliveryman": null,
"deliverymanPhone": null,
"store": null,
"payType": null,
"payState": null,
"couponName": null,
"orderStatus": null,
"invoiceContent": null,
"groupPurchaseVerificationCode": null,
"cancelReason": null,
"firstCommodityClass": null,
"secondCommodityClass": null,
"specification": null,
"productName": null,
"groupSKU": null,
"productNum": null,
"commodityOfficialPrice": null,
"commodityReceivablePrice": null,
"commodityVoucherNumber": null,
"paymentNumber": null,
"map": {
"insurance": null,
"serviceCharge": null,
"voucher": null,
"integral": null,
"freight": null,
"platformCoupon": null,
"commission": null,
"customerPaymentAmount": null,
"companyCoupon": null
},
"sku": null,
"skunum": null
}
],
"reconciliationPlanInfoList": null,
"receivableRelationInfoList": null,
"settleAmount": 0,
"unsettleAmount": 228,
"settleStatus": "UnSettled",
"settlementStatus": null,
"settlementMoney": null,
"unsettlementMoney": null,
"settlementdMoney": null,
"cashCoupon": null,
"integral": null,
"commission": null,
"charge": null,
"freight": null,
"orderType": "0",
"totalAmount": 228,
"platformCoupon": null,
"companyCoupon": null,
"sellerPayment": null,
"platform": "幸福微商城,有赞普通订单",
"billNo": "2018030519235624",
"differenceProcessingStatus": "N",
"differenceProcessingAmount": 0,
"differenceProcessingRamarks": null,
"insurance": null
},
{
"creatorId": null,
"creator": "管理员",
"createTime": "2018-04-18T21:01:03.000+0000",
"operator": null,
"updaterId": null,
"updater": null,
"updateTime": null,
"seq": 0,
"params": null,
"examineId": null,
"examiner": null,
"examineTime": "2018-05-03T10:52:06.000+0000",
"pageNumber": 1,
"pageSize": 10,
"uuid": "c43b3901-434d-11e8-a166-44a8421bb841",
"customer": null,
"customerId": null,
"batchId": "20180400092",
"orderNo": "E20180305233519006700004",
"businessDate": "2018-03-04T16:00:00.000+0000",
"status": "Audited",
"orderTotalAmount": 20,
"orderReceivedAmount": null,
"orderUncollectedAmount": null,
"salesCompany": null,
"salesDepartment": null,
"salesman": null,
"auditor": null,
"auditTime": null,
"companyId": "34898ffd-3bd3-11e8-bc22-fcaa1468c9f5",
"company": null,
"remarks": null,
"totalSize": null,
"orderReceivableSupList": [
{
"creatorId": null,
"creator": null,
"createTime": null,
"operator": null,
"updaterId": null,
"updater": null,
"updateTime": null,
"seq": 0,
"params": null,
"examineId": null,
"examiner": null,
"examineTime": null,
"pageNumber": 1,
"pageSize": 10,
"orderNo": null,
"orderId": null,
"batchId": null,
"companyId": null,
"remarks": null,
"index": null,
"billNo": null,
"uuid": "c43b3901-434d-11e8-a166-44a8421bb841",
"collectionContent": null,
"collectionDate": null,
"transNo": null,
"unitPrice": null,
"number": null,
"unit": null,
"amount": null,
"platformCoupon": null,
"companyCoupon": null,
"voucher": null,
"integral": null,
"commission": null,
"serviceCharge": null,
"insurance": null,
"customerPaymentAmount": null,
"commodityNum": null,
"commodityName": null,
"freight": null,
"sendArea": null,
"sendStation": null,
"platform": null,
"haveOtherOrder": null,
"orderTypeBelong": null,
"orderSource": null,
"orderPickUpEmp": null,
"orderOperator": null,
"orderer": null,
"ordererPhone": null,
"receiver": null,
"receiverPhone": null,
"receiverAddress": null,
"delivery": null,
"deliveryTime": null,
"deliveryman": null,
"deliverymanPhone": null,
"store": null,
"payType": null,
"payState": null,
"couponName": null,
"orderStatus": null,
"invoiceContent": null,
"groupPurchaseVerificationCode": null,
"cancelReason": null,
"firstCommodityClass": null,
"secondCommodityClass": null,
"specification": null,
"productName": null,
"groupSKU": null,
"productNum": null,
"commodityOfficialPrice": null,
"commodityReceivablePrice": null,
"commodityVoucherNumber": null,
"paymentNumber": null,
"map": {
"insurance": null,
"serviceCharge": null,
"voucher": null,
"integral": null,
"freight": null,
"platformCoupon": null,
"commission": null,
"customerPaymentAmount": null,
"companyCoupon": null
},
"sku": null,
"skunum": null
}
],
"reconciliationPlanInfoList": null,
"receivableRelationInfoList": null,
"settleAmount": 0,
"unsettleAmount": 20,
"settleStatus": "UnSettled",
"settlementStatus": null,
"settlementMoney": null,
"unsettlementMoney": null,
"settlementdMoney": null,
"cashCoupon": null,
"integral": null,
"commission": null,
"charge": null,
"freight": null,
"orderType": "0",
"totalAmount": 20,
"platformCoupon": null,
"companyCoupon": null,
"sellerPayment": null,
"platform": "幸福微商城,有赞普通订单",
"billNo": "2018030519235622",
"differenceProcessingStatus": "N",
"differenceProcessingAmount": 0,
"differenceProcessingRamarks": null,
"insurance": null
}
]
}

